texto,intencao
Qual é o status atual do projeto da Linha 6?,consulta
Qual é o status atual do empreendimento da Estação Vila Sônia?,consulta
Qual é o status atual do programa de modernização da Linha 1?,consulta
Qual é o status atual do projeto do pátio de manutenção?,consulta
Qual é o status atual do projeto de expansão da Linha 2?,consulta
Qual é o status atual do empreendimento da Linha 15?,consulta
Qual é o status atual do projeto de sinalização?,consulta
Qual é o status atual do lote 3 de obras civis?,consulta
Qual é o status atual do programa de expansão metroviária?,consulta
Qual é o status atual do projeto da Linha 17?,consulta
Quem é o responsável pelo projeto da Linha 6?,consulta
Quem é o responsável pelo empreendimento da Estação Vila Sônia?,consulta
Quem é o responsável pelo programa de modernização da Linha 1?,consulta
Quem é o responsável pelo projeto do pátio de manutenção?,consulta
Quem é o responsável pelo projeto de expansão da Linha 2?,consulta
Quem é o responsável pelo empreendimento da Linha 15?,consulta
Quem é o responsável pelo projeto de sinalização?,consulta
Quem é o responsável pelo lote 3 de obras civis?,consulta
Quem é o responsável pelo programa de expansão metroviária?,consulta
Quem é o responsável pelo projeto da Linha 17?,consulta
Qual é a data prevista de conclusão do projeto da Linha 6?,consulta
Qual é a data prevista de conclusão do empreendimento da Estação Vila Sônia?,consulta
Qual é a data prevista de conclusão do programa de modernização da Linha 1?,consulta
Qual é a data prevista de conclusão do projeto do pátio de manutenção?,consulta
Qual é a data prevista de conclusão do projeto de expansão da Linha 2?,consulta
Qual é a data prevista de conclusão do empreendimento da Linha 15?,consulta
Qual é a data prevista de conclusão do projeto de sinalização?,consulta
Qual é a data prevista de conclusão do lote 3 de obras civis?,consulta
Qual é a data prevista de conclusão do programa de expansão metroviária?,consulta
Qual é a data prevista de conclusão do projeto da Linha 17?,consulta
Mostre os documentos associados ao projeto da Linha 6.,consulta
Mostre os documentos associados ao empreendimento da Estação Vila Sônia.,consulta
Mostre os documentos associados ao programa de modernização da Linha 1.,consulta
Mostre os documentos associados ao projeto do pátio de manutenção.,consulta
Mostre os documentos associados ao projeto de expansão da Linha 2.,consulta
Mostre os documentos associados ao empreendimento da Linha 15.,consulta
Mostre os documentos associados ao projeto de sinalização.,consulta
Mostre os documentos associados ao lote 3 de obras civis.,consulta
Mostre os documentos associados ao programa de expansão metroviária.,consulta
Mostre os documentos associados ao projeto da Linha 17.,consulta
Qual foi a última atualização do projeto da Linha 6?,consulta
Qual foi a última atualização do empreendimento da Estação Vila Sônia?,consulta
Qual foi a última atualização do programa de modernização da Linha 1?,consulta
Qual foi a última atualização do projeto do pátio de manutenção?,consulta
Qual foi a última atualização do projeto de expansão da Linha 2?,consulta
Qual foi a última atualização do empreendimento da Linha 15?,consulta
Qual foi a última atualização do projeto de sinalização?,consulta
Qual foi a última atualização do lote 3 de obras civis?,consulta
Qual foi a última atualização do programa de expansão metroviária?,consulta
Qual foi a última atualização do projeto da Linha 17?,consulta
Quais riscos estão registrados no projeto da Linha 6?,consulta
Quais riscos estão registrados no empreendimento da Estação Vila Sônia?,consulta
Quais riscos estão registrados no programa de modernização da Linha 1?,consulta
Quais riscos estão registrados no projeto do pátio de manutenção?,consulta
Quais riscos estão registrados no projeto de expansão da Linha 2?,consulta
Quais riscos estão registrados no empreendimento da Linha 15?,consulta
Quais riscos estão registrados no projeto de sinalização?,consulta
Quais riscos estão registrados no lote 3 de obras civis?,consulta
Quais riscos estão registrados no programa de expansão metroviária?,consulta
Quais riscos estão registrados no projeto da Linha 17?,consulta
Qual é o orçamento aprovado para o projeto da Linha 6?,consulta
Qual é o orçamento aprovado para o empreendimento da Estação Vila Sônia?,consulta
Qual é o orçamento aprovado para o programa de modernização da Linha 1?,consulta
Qual é o orçamento aprovado para o projeto do pátio de manutenção?,consulta
Qual é o orçamento aprovado para o projeto de expansão da Linha 2?,consulta
Qual é o orçamento aprovado para o empreendimento da Linha 15?,consulta
Qual é o orçamento aprovado para o projeto de sinalização?,consulta
Qual é o orçamento aprovado para o lote 3 de obras civis?,consulta
Qual é o orçamento aprovado para o programa de expansão metroviária?,consulta
Qual é o orçamento aprovado para o projeto da Linha 17?,consulta
Mostre o avanço planejado e realizado do projeto da Linha 6.,consulta
Mostre o avanço planejado e realizado do empreendimento da Estação Vila Sônia.,consulta
Mostre o avanço planejado e realizado do programa de modernização da Linha 1.,consulta
Mostre o avanço planejado e realizado do projeto do pátio de manutenção.,consulta
Mostre o avanço planejado e realizado do projeto de expansão da Linha 2.,consulta
Mostre o avanço planejado e realizado do empreendimento da Linha 15.,consulta
Mostre o avanço planejado e realizado do projeto de sinalização.,consulta
Mostre o avanço planejado e realizado do lote 3 de obras civis.,consulta
Mostre o avanço planejado e realizado do programa de expansão metroviária.,consulta
Mostre o avanço planejado e realizado do projeto da Linha 17.,consulta
Quais pendências estão abertas no projeto da Linha 6?,consulta
Quais pendências estão abertas no empreendimento da Estação Vila Sônia?,consulta
Quais pendências estão abertas no programa de modernização da Linha 1?,consulta
Quais pendências estão abertas no projeto do pátio de manutenção?,consulta
Quais pendências estão abertas no projeto de expansão da Linha 2?,consulta
Quais pendências estão abertas no empreendimento da Linha 15?,consulta
Quais pendências estão abertas no projeto de sinalização?,consulta
Quais pendências estão abertas no lote 3 de obras civis?,consulta
Quais pendências estão abertas no programa de expansão metroviária?,consulta
Quais pendências estão abertas no projeto da Linha 17?,consulta
Resuma as informações mais importantes do projeto da Linha 6.,consulta
Resuma as informações mais importantes do empreendimento da Estação Vila Sônia.,consulta
Resuma as informações mais importantes do programa de modernização da Linha 1.,consulta
Resuma as informações mais importantes do projeto do pátio de manutenção.,consulta
Resuma as informações mais importantes do projeto de expansão da Linha 2.,consulta
Resuma as informações mais importantes do empreendimento da Linha 15.,consulta
Resuma as informações mais importantes do projeto de sinalização.,consulta
Resuma as informações mais importantes do lote 3 de obras civis.,consulta
Resuma as informações mais importantes do programa de expansão metroviária.,consulta
Resuma as informações mais importantes do projeto da Linha 17.,consulta
Atualiza o status do projeto da Linha 6 para em execução.,transacao
Atualiza o status do empreendimento da Estação Vila Sônia para em execução.,transacao
Atualiza o status do programa de modernização da Linha 1 para em execução.,transacao
Atualiza o status do projeto do pátio de manutenção para em execução.,transacao
Atualiza o status do projeto de expansão da Linha 2 para em execução.,transacao
Atualiza o status do empreendimento da Linha 15 para em execução.,transacao
Atualiza o status do projeto de sinalização para em execução.,transacao
Atualiza o status do lote 3 de obras civis para em execução.,transacao
Atualiza o status do programa de expansão metroviária para em execução.,transacao
Atualiza o status do projeto da Linha 17 para em execução.,transacao
Registra um novo risco no projeto da Linha 6.,transacao
Registra um novo risco no empreendimento da Estação Vila Sônia.,transacao
Registra um novo risco no programa de modernização da Linha 1.,transacao
Registra um novo risco no projeto do pátio de manutenção.,transacao
Registra um novo risco no projeto de expansão da Linha 2.,transacao
Registra um novo risco no empreendimento da Linha 15.,transacao
Registra um novo risco no projeto de sinalização.,transacao
Registra um novo risco no lote 3 de obras civis.,transacao
Registra um novo risco no programa de expansão metroviária.,transacao
Registra um novo risco no projeto da Linha 17.,transacao
Adiciona um documento ao cadastro do projeto da Linha 6.,transacao
Adiciona um documento ao cadastro do empreendimento da Estação Vila Sônia.,transacao
Adiciona um documento ao cadastro do programa de modernização da Linha 1.,transacao
Adiciona um documento ao cadastro do projeto do pátio de manutenção.,transacao
Adiciona um documento ao cadastro do projeto de expansão da Linha 2.,transacao
Adiciona um documento ao cadastro do empreendimento da Linha 15.,transacao
Adiciona um documento ao cadastro do projeto de sinalização.,transacao
Adiciona um documento ao cadastro do lote 3 de obras civis.,transacao
Adiciona um documento ao cadastro do programa de expansão metroviária.,transacao
Adiciona um documento ao cadastro do projeto da Linha 17.,transacao
Altera a data prevista de conclusão do projeto da Linha 6.,transacao
Altera a data prevista de conclusão do empreendimento da Estação Vila Sônia.,transacao
Altera a data prevista de conclusão do programa de modernização da Linha 1.,transacao
Altera a data prevista de conclusão do projeto do pátio de manutenção.,transacao
Altera a data prevista de conclusão do projeto de expansão da Linha 2.,transacao
Altera a data prevista de conclusão do empreendimento da Linha 15.,transacao
Altera a data prevista de conclusão do projeto de sinalização.,transacao
Altera a data prevista de conclusão do lote 3 de obras civis.,transacao
Altera a data prevista de conclusão do programa de expansão metroviária.,transacao
Altera a data prevista de conclusão do projeto da Linha 17.,transacao
Define um novo responsável pelo projeto da Linha 6.,transacao
Define um novo responsável pelo empreendimento da Estação Vila Sônia.,transacao
Define um novo responsável pelo programa de modernização da Linha 1.,transacao
Define um novo responsável pelo projeto do pátio de manutenção.,transacao
Define um novo responsável pelo projeto de expansão da Linha 2.,transacao
Define um novo responsável pelo empreendimento da Linha 15.,transacao
Define um novo responsável pelo projeto de sinalização.,transacao
Define um novo responsável pelo lote 3 de obras civis.,transacao
Define um novo responsável pelo programa de expansão metroviária.,transacao
Define um novo responsável pelo projeto da Linha 17.,transacao
Registra o avanço físico mensal do projeto da Linha 6.,transacao
Registra o avanço físico mensal do empreendimento da Estação Vila Sônia.,transacao
Registra o avanço físico mensal do programa de modernização da Linha 1.,transacao
Registra o avanço físico mensal do projeto do pátio de manutenção.,transacao
Registra o avanço físico mensal do projeto de expansão da Linha 2.,transacao
Registra o avanço físico mensal do empreendimento da Linha 15.,transacao
Registra o avanço físico mensal do projeto de sinalização.,transacao
Registra o avanço físico mensal do lote 3 de obras civis.,transacao
Registra o avanço físico mensal do programa de expansão metroviária.,transacao
Registra o avanço físico mensal do projeto da Linha 17.,transacao
Cria uma pendência de acompanhamento no projeto da Linha 6.,transacao
Cria uma pendência de acompanhamento no empreendimento da Estação Vila Sônia.,transacao
Cria uma pendência de acompanhamento no programa de modernização da Linha 1.,transacao
Cria uma pendência de acompanhamento no projeto do pátio de manutenção.,transacao
Cria uma pendência de acompanhamento no projeto de expansão da Linha 2.,transacao
Cria uma pendência de acompanhamento no empreendimento da Linha 15.,transacao
Cria uma pendência de acompanhamento no projeto de sinalização.,transacao
Cria uma pendência de acompanhamento no lote 3 de obras civis.,transacao
Cria uma pendência de acompanhamento no programa de expansão metroviária.,transacao
Cria uma pendência de acompanhamento no projeto da Linha 17.,transacao
Atualiza o orçamento previsto do projeto da Linha 6.,transacao
Atualiza o orçamento previsto do empreendimento da Estação Vila Sônia.,transacao
Atualiza o orçamento previsto do programa de modernização da Linha 1.,transacao
Atualiza o orçamento previsto do projeto do pátio de manutenção.,transacao
Atualiza o orçamento previsto do projeto de expansão da Linha 2.,transacao
Atualiza o orçamento previsto do empreendimento da Linha 15.,transacao
Atualiza o orçamento previsto do projeto de sinalização.,transacao
Atualiza o orçamento previsto do lote 3 de obras civis.,transacao
Atualiza o orçamento previsto do programa de expansão metroviária.,transacao
Atualiza o orçamento previsto do projeto da Linha 17.,transacao
Insere uma observação no histórico do projeto da Linha 6.,transacao
Insere uma observação no histórico do empreendimento da Estação Vila Sônia.,transacao
Insere uma observação no histórico do programa de modernização da Linha 1.,transacao
Insere uma observação no histórico do projeto do pátio de manutenção.,transacao
Insere uma observação no histórico do projeto de expansão da Linha 2.,transacao
Insere uma observação no histórico do empreendimento da Linha 15.,transacao
Insere uma observação no histórico do projeto de sinalização.,transacao
Insere uma observação no histórico do lote 3 de obras civis.,transacao
Insere uma observação no histórico do programa de expansão metroviária.,transacao
Insere uma observação no histórico do projeto da Linha 17.,transacao
Registra a conclusão de uma entrega do projeto da Linha 6.,transacao
Registra a conclusão de uma entrega do empreendimento da Estação Vila Sônia.,transacao
Registra a conclusão de uma entrega do programa de modernização da Linha 1.,transacao
Registra a conclusão de uma entrega do projeto do pátio de manutenção.,transacao
Registra a conclusão de uma entrega do projeto de expansão da Linha 2.,transacao
Registra a conclusão de uma entrega do empreendimento da Linha 15.,transacao
Registra a conclusão de uma entrega do projeto de sinalização.,transacao
Registra a conclusão de uma entrega do lote 3 de obras civis.,transacao
Registra a conclusão de uma entrega do programa de expansão metroviária.,transacao
Registra a conclusão de uma entrega do projeto da Linha 17.,transacao
Existe algum prazo vencido no projeto da Linha 6?,alerta
Existe algum prazo vencido no empreendimento da Estação Vila Sônia?,alerta
Existe algum prazo vencido no programa de modernização da Linha 1?,alerta
Existe algum prazo vencido no projeto do pátio de manutenção?,alerta
Existe algum prazo vencido no projeto de expansão da Linha 2?,alerta
Existe algum prazo vencido no empreendimento da Linha 15?,alerta
Existe algum prazo vencido no projeto de sinalização?,alerta
Existe algum prazo vencido no lote 3 de obras civis?,alerta
Existe algum prazo vencido no programa de expansão metroviária?,alerta
Existe algum prazo vencido no projeto da Linha 17?,alerta
Me avisa se houver risco alto no projeto da Linha 6.,alerta
Me avisa se houver risco alto no empreendimento da Estação Vila Sônia.,alerta
Me avisa se houver risco alto no programa de modernização da Linha 1.,alerta
Me avisa se houver risco alto no projeto do pátio de manutenção.,alerta
Me avisa se houver risco alto no projeto de expansão da Linha 2.,alerta
Me avisa se houver risco alto no empreendimento da Linha 15.,alerta
Me avisa se houver risco alto no projeto de sinalização.,alerta
Me avisa se houver risco alto no lote 3 de obras civis.,alerta
Me avisa se houver risco alto no programa de expansão metroviária.,alerta
Me avisa se houver risco alto no projeto da Linha 17.,alerta
Quais pendências do projeto da Linha 6 precisam de atenção?,alerta
Quais pendências do empreendimento da Estação Vila Sônia precisam de atenção?,alerta
Quais pendências do programa de modernização da Linha 1 precisam de atenção?,alerta
Quais pendências do projeto do pátio de manutenção precisam de atenção?,alerta
Quais pendências do projeto de expansão da Linha 2 precisam de atenção?,alerta
Quais pendências do empreendimento da Linha 15 precisam de atenção?,alerta
Quais pendências do projeto de sinalização precisam de atenção?,alerta
Quais pendências do lote 3 de obras civis precisam de atenção?,alerta
Quais pendências do programa de expansão metroviária precisam de atenção?,alerta
Quais pendências do projeto da Linha 17 precisam de atenção?,alerta
Tem algum documento obrigatório faltando no projeto da Linha 6?,alerta
Tem algum documento obrigatório faltando no empreendimento da Estação Vila Sônia?,alerta
Tem algum documento obrigatório faltando no programa de modernização da Linha 1?,alerta
Tem algum documento obrigatório faltando no projeto do pátio de manutenção?,alerta
Tem algum documento obrigatório faltando no projeto de expansão da Linha 2?,alerta
Tem algum documento obrigatório faltando no empreendimento da Linha 15?,alerta
Tem algum documento obrigatório faltando no projeto de sinalização?,alerta
Tem algum documento obrigatório faltando no lote 3 de obras civis?,alerta
Tem algum documento obrigatório faltando no programa de expansão metroviária?,alerta
Tem algum documento obrigatório faltando no projeto da Linha 17?,alerta
Me alerta se o projeto da Linha 6 ficar sem atualização.,alerta
Me alerta se o empreendimento da Estação Vila Sônia ficar sem atualização.,alerta
Me alerta se o programa de modernização da Linha 1 ficar sem atualização.,alerta
Me alerta se o projeto do pátio de manutenção ficar sem atualização.,alerta
Me alerta se o projeto de expansão da Linha 2 ficar sem atualização.,alerta
Me alerta se o empreendimento da Linha 15 ficar sem atualização.,alerta
Me alerta se o projeto de sinalização ficar sem atualização.,alerta
Me alerta se o lote 3 de obras civis ficar sem atualização.,alerta
Me alerta se o programa de expansão metroviária ficar sem atualização.,alerta
Me alerta se o projeto da Linha 17 ficar sem atualização.,alerta
Existe alguma entrega atrasada no projeto da Linha 6?,alerta
Existe alguma entrega atrasada no empreendimento da Estação Vila Sônia?,alerta
Existe alguma entrega atrasada no programa de modernização da Linha 1?,alerta
Existe alguma entrega atrasada no projeto do pátio de manutenção?,alerta
Existe alguma entrega atrasada no projeto de expansão da Linha 2?,alerta
Existe alguma entrega atrasada no empreendimento da Linha 15?,alerta
Existe alguma entrega atrasada no projeto de sinalização?,alerta
Existe alguma entrega atrasada no lote 3 de obras civis?,alerta
Existe alguma entrega atrasada no programa de expansão metroviária?,alerta
Existe alguma entrega atrasada no projeto da Linha 17?,alerta
Me avisa quando um marco do projeto da Linha 6 estiver próximo do vencimento.,alerta
Me avisa quando um marco do empreendimento da Estação Vila Sônia estiver próximo do vencimento.,alerta
Me avisa quando um marco do programa de modernização da Linha 1 estiver próximo do vencimento.,alerta
Me avisa quando um marco do projeto do pátio de manutenção estiver próximo do vencimento.,alerta
Me avisa quando um marco do projeto de expansão da Linha 2 estiver próximo do vencimento.,alerta
Me avisa quando um marco do empreendimento da Linha 15 estiver próximo do vencimento.,alerta
Me avisa quando um marco do projeto de sinalização estiver próximo do vencimento.,alerta
Me avisa quando um marco do lote 3 de obras civis estiver próximo do vencimento.,alerta
Me avisa quando um marco do programa de expansão metroviária estiver próximo do vencimento.,alerta
Me avisa quando um marco do projeto da Linha 17 estiver próximo do vencimento.,alerta
Há algum item sem responsável definido no projeto da Linha 6?,alerta
Há algum item sem responsável definido no empreendimento da Estação Vila Sônia?,alerta
Há algum item sem responsável definido no programa de modernização da Linha 1?,alerta
Há algum item sem responsável definido no projeto do pátio de manutenção?,alerta
Há algum item sem responsável definido no projeto de expansão da Linha 2?,alerta
Há algum item sem responsável definido no empreendimento da Linha 15?,alerta
Há algum item sem responsável definido no projeto de sinalização?,alerta
Há algum item sem responsável definido no lote 3 de obras civis?,alerta
Há algum item sem responsável definido no programa de expansão metroviária?,alerta
Há algum item sem responsável definido no projeto da Linha 17?,alerta
Mostre as inconsistências encontradas no projeto da Linha 6.,alerta
Mostre as inconsistências encontradas no empreendimento da Estação Vila Sônia.,alerta
Mostre as inconsistências encontradas no programa de modernização da Linha 1.,alerta
Mostre as inconsistências encontradas no projeto do pátio de manutenção.,alerta
Mostre as inconsistências encontradas no projeto de expansão da Linha 2.,alerta
Mostre as inconsistências encontradas no empreendimento da Linha 15.,alerta
Mostre as inconsistências encontradas no projeto de sinalização.,alerta
Mostre as inconsistências encontradas no lote 3 de obras civis.,alerta
Mostre as inconsistências encontradas no programa de expansão metroviária.,alerta
Mostre as inconsistências encontradas no projeto da Linha 17.,alerta
Quais indicadores do projeto da Linha 6 estão fora da faixa aceitável?,alerta
Quais indicadores do empreendimento da Estação Vila Sônia estão fora da faixa aceitável?,alerta
Quais indicadores do programa de modernização da Linha 1 estão fora da faixa aceitável?,alerta
Quais indicadores do projeto do pátio de manutenção estão fora da faixa aceitável?,alerta
Quais indicadores do projeto de expansão da Linha 2 estão fora da faixa aceitável?,alerta
Quais indicadores do empreendimento da Linha 15 estão fora da faixa aceitável?,alerta
Quais indicadores do projeto de sinalização estão fora da faixa aceitável?,alerta
Quais indicadores do lote 3 de obras civis estão fora da faixa aceitável?,alerta
Quais indicadores do programa de expansão metroviária estão fora da faixa aceitável?,alerta
Quais indicadores do projeto da Linha 17 estão fora da faixa aceitável?,alerta