title,description,objective,dependencies,tasks,dor,dod,labels,size,milestone,priority,kind
Descrever o problema e seus impactos sobre o parceiro e o setor,"O documento de entendimento de negócio precisa abrir com a definição do desafio que o projeto resolve para o Metrô de São Paulo, evidenciando o efeito do problema na operação do parceiro e no setor metroviário como um todo.",Estabelecer a base do documento explicitando qual desafio o projeto ataca.,Materiais enviados pelo parceiro;Anotações da reunião de kickoff,Consolidar os materiais do parceiro sobre o desafio;Redigir a descrição do problema;Descrever o impacto sobre a operação do parceiro;Descrever o impacto sobre o setor metroviário,Materiais do parceiro lidos por quem vai redigir;Escopo do desafio alinhado com a orientadora,Seção 1.1 do docs/Projeto.md preenchida com o problema e os dois impactos;Texto revisado por outro integrante no MR;MR aprovado e mergeado em dev,RESEARCH,M,Sprint 01,Alta,
Construir a Matriz SWOT do negócio do parceiro,"Análise dos fatores internos (forças e fraquezas) e externos (oportunidades e ameaças) do negócio do Metrô de São Paulo, exigida como complemento da descrição do problema.",Sustentar a análise do problema com um diagnóstico estruturado do negócio.,Descrição do problema concluída na seção 1.1,Levantar forças e fraquezas internas;Levantar oportunidades e ameaças externas;Montar a matriz em tabela markdown;Escrever a leitura crítica dos quadrantes,Descrição do problema aprovada;Pesquisa sobre o parceiro consolidada,Matriz SWOT com os quatro quadrantes preenchidos na seção 1.1;Cada quadrante com no mínimo três itens;MR aprovado por um revisor,RESEARCH,M,Sprint 01,Alta,
Mapear a visão geral do setor de transporte metroviário,"Panorama do setor em que o parceiro atua: dimensão, principais atores, modelo de operação e papel do transporte sobre trilhos na mobilidade urbana.",Dar ao leitor o contexto de indústria em que a solução será usada.,Descrição do problema concluída na seção 1.1,Pesquisar dados do setor em fontes públicas;Redigir a visão geral;Citar as fontes consultadas,Fontes de pesquisa definidas com o grupo,Seção 1.2 com a visão geral do setor redigida;Fontes citadas ao final da seção;MR aprovado por um revisor,RESEARCH,M,Sprint 01,Média,
Levantar as tendências e os desafios da indústria,"A seção de contexto exige a identificação de tendências e desafios do setor metroviário, com pelo menos duas de cada, ligadas ao problema que o projeto ataca.",Mostrar que a solução responde a movimentos reais do setor.,Visão geral do setor redigida na seção 1.2,Identificar duas tendências do setor;Identificar dois desafios do setor;Relacionar cada item ao problema do projeto,Visão geral do setor aprovada em MR,Seção 1.2 com no mínimo duas tendências e dois desafios;Cada item com uma frase ligando ao problema;MR aprovado por um revisor,RESEARCH,P,Sprint 01,Média,
Definir o posicionamento do parceiro no mercado,Caracterização do papel e da participação do Metrô de São Paulo dentro do setor de mobilidade urbana descrito na seção anterior.,Situar o parceiro dentro do panorama de indústria levantado.,Tendências e desafios registrados na seção 1.2,Descrever o papel do parceiro no setor;Registrar sua participação e alcance;Comparar com outros atores relevantes,Tendências e desafios aprovados em MR,Seção 1.2 com o posicionamento do parceiro descrito;Texto coerente com a visão geral do setor;MR aprovado por um revisor,RESEARCH,P,Sprint 01,Média,
Redigir a descrição geral do produto,Texto de abertura da visão de produto que explica em linguagem acessível o que a solução é e que valor entrega ao parceiro.,Traduzir o entendimento do problema em uma proposta de produto.,Descrição do problema concluída na seção 1.1,Escrever o parágrafo de descrição geral;Validar o texto com o grupo;Ajustar após feedback,Problema e SWOT aprovados em MR,Seção 1.3 com a descrição geral do produto;Texto compreensível para leitor externo ao projeto;MR aprovado por um revisor,DOCS,P,Sprint 01,Média,
Delimitar o escopo do produto entre o que faz e o que não faz,"As duas tabelas de escopo precisam listar as funcionalidades que o produto entrega e as que ficam intencionalmente de fora, cada exclusão com justificativa.",Evitar expectativa desalinhada com o parceiro sobre o que será entregue.,Descrição geral do produto redigida na seção 1.3,Listar as funcionalidades do produto;Listar os itens fora de escopo;Escrever a justificativa de cada exclusão;Validar o recorte com o grupo,Descrição geral do produto aprovada;Alinhamento sobre escopo feito na daily,Tabela do que o produto faz com no mínimo três funcionalidades;Tabela do que não faz com justificativa por linha;MR aprovado por um revisor,DOCS,M,Sprint 01,Alta,
Definir o objetivo geral e os objetivos específicos do produto,"Metas do produto alinhadas ao problema e às necessidades do negócio, com os objetivos específicos redigidos de forma mensurável.",Deixar explícito o que se pretende alcançar com a solução.,Escopo do produto delimitado na seção 1.3,Redigir o objetivo geral;Desdobrar em objetivos específicos mensuráveis;Conferir alinhamento com o problema,Escopo do produto aprovado em MR,Seção 1.4 com objetivo geral e no mínimo três objetivos específicos;Cada objetivo específico com métrica ou critério verificável;MR aprovado por um revisor,DOCS,P,Sprint 01,Média,
Caracterizar as personas do produto,"Perfis dos principais usuários da solução, com necessidades, dores e expectativas, servindo de base para as histórias de usuário da especificação de requisitos.",Orientar as decisões de produto pelas necessidades reais dos usuários.,Escopo do produto delimitado na seção 1.3,Identificar os perfis de usuário da solução;Descrever dados demográficos e contexto de uso;Registrar necessidades dores e expectativas de cada persona,Escopo do produto aprovado;Perfis discutidos com o parceiro ou com a orientadora,Seção 1.5 com no mínimo duas personas caracterizadas;Cada persona com necessidades dores e expectativas;MR aprovado por um revisor,RESEARCH,M,Sprint 01,Alta,
Mapear a jornada de usuário de cada persona,"Mapeamento das etapas que cada persona percorre ao interagir com a solução, destacando pontos de contato, dores e oportunidades de melhoria em cada fase.",Expor onde a solução precisa atuar na experiência do usuário.,Personas caracterizadas na seção 1.5,Definir as fases da jornada;Mapear ações e pontos de contato por fase;Marcar dores e oportunidades;Montar a jornada em tabela markdown,Personas aprovadas em MR,Jornada mapeada para cada persona da seção 1.5;Dores e oportunidades destacadas por fase;MR aprovado por um revisor,RESEARCH,M,Sprint 01,Média,
Modelar a cadeia de valor dos processos do parceiro,Modelagem da cadeia de valor dos processos do Metrô de São Paulo relacionados ao contexto do projeto separando processos primários de processos de apoio.,Mostrar onde o projeto se encaixa na operação do parceiro.,Escopo do produto delimitado na seção 1.3;Materiais de processo enviados pelo parceiro,Identificar os processos primários e de apoio;Desenhar a cadeia de valor;Exportar a imagem para docs/assets;Escrever a descrição da cadeia,Processos do parceiro compreendidos pelo grupo;Ferramenta de diagramação definida,Imagem da cadeia de valor versionada em docs/assets e renderizando no GitLab;Descrição textual da cadeia na seção 1.6;MR aprovado por um revisor,DOCS,M,Sprint 01,Média,
Levantar as atividades e os gateways do fluxo principal,"Levantamento textual das atividades, decisões e atores do fluxo de negócio principal, feito antes de desenhar o BPMN para evitar retrabalho no diagrama.",Ter o fluxo acordado em texto antes de investir no diagrama.,Cadeia de valor modelada na seção 1.6,Listar as atividades do fluxo em ordem;Identificar os pontos de decisão;Identificar os atores envolvidos;Validar a sequência com o grupo,Cadeia de valor aprovada em MR,Lista de atividades gateways e atores registrada na issue;Sequência validada por no mínimo dois integrantes;Comentário de validação registrado na issue,RESEARCH,M,Sprint 01,Média,
Diagramar o fluxo principal em notação BPMN,Diagrama BPMN do fluxo de negócio principal do contexto do projeto usando corretamente a notação de eventos atividades gateways e raias.,Comunicar o fluxo do negócio em notação padrão e sem ambiguidade.,Atividades e gateways levantados para o fluxo principal,Modelar o diagrama na ferramenta escolhida;Revisar o uso da notação BPMN;Exportar como PNG para docs/assets;Referenciar a imagem na seção 1.6,Lista de atividades e gateways aprovada;Ferramenta de modelagem instalada,Diagrama BPMN versionado em docs/assets e renderizando no GitLab;Notação revisada por outro integrante no MR;MR aprovado por um revisor,DOCS,M,Sprint 01,Alta,
Descrever textualmente o processo modelado em BPMN,Descrição passo a passo do processo desenhado no BPMN explicando cada atividade e as condições de cada caminho dos gateways.,Tornar o diagrama compreensível para quem não lê BPMN.,Diagrama BPMN publicado em docs/assets,Descrever cada atividade do diagrama;Explicar as condições de cada gateway;Conferir a correspondência entre texto e diagrama,Diagrama BPMN aprovado em MR,Seção 1.6 com a descrição numerada do processo;Toda atividade do diagrama citada no texto;MR aprovado por um revisor,DOCS,P,Sprint 01,Média,
Registrar o brainstorming de features do grupo e do parceiro,"Registro das ideias de funcionalidade levantadas pelo grupo e pelo parceiro, incluindo desejos que provavelmente não entram no MVP mas ficam documentados para o futuro.",Preservar as ideias levantadas para decisões de escopo futuras.,Jornada de usuário mapeada na seção 1.5;Escopo do produto delimitado na seção 1.3,Reunir as ideias levantadas nas discussões;Registrar a origem de cada ideia;Descrever cada feature em uma linha;Montar a tabela na seção 1.7,Jornada de usuário aprovada;Sessão de brainstorming realizada com o grupo,Tabela da seção 1.7 com no mínimo oito features;Coluna de origem preenchida em todas as linhas;MR aprovado por um revisor,RESEARCH,M,Sprint 01,Alta,
Priorizar as features por importância e viabilidade,Priorização das features levantadas no brainstorming usando critério declarado de importância e viabilidade para sequenciar o que entra no MVP.,Justificar com critério explícito quais features entram no recorte inicial.,Brainstorming de features registrado na seção 1.7,Declarar o critério de priorização e a escala;Pontuar importância e viabilidade de cada feature;Calcular o score e ordenar;Marcar quais entram no MVP,Brainstorming aprovado em MR,Tabela de priorização com score calculado para toda feature;Critério e escala declarados antes da tabela;Coluna indicando entrada no MVP preenchida;MR aprovado por um revisor,RESEARCH,M,Sprint 01,Alta,
Consolidar o Canvas do MVP e justificar o recorte,"Preenchimento do Canvas do MVP com proposta, personas atendidas, jornadas cobertas, funcionalidades, resultado esperado, métricas de validação e custo, seguido da justificativa do recorte.",Consolidar a versão mínima e viável do produto em um artefato único.,Features priorizadas na seção 1.7;Jornada de usuário mapeada na seção 1.5,Preencher os sete blocos do canvas;Montar a imagem do canvas em docs/assets;Escrever a justificativa do recorte,Priorização de features aprovada em MR;Modelo de canvas escolhido pelo grupo,Todos os blocos do canvas preenchidos na seção 1.8;Justificativa do recorte citando a priorização da seção 1.7;MR aprovado por um revisor,DOCS,M,Sprint 01,Alta,
Definir os critérios e a escala da matriz de risco,"Definição explícita das escalas de probabilidade e impacto, da regra de cálculo da severidade e das faixas de criticidade que classificam os riscos do projeto.",Garantir que a avaliação dos riscos siga uma regra declarada e reprodutível.,Nenhuma,Definir a escala de probabilidade;Definir a escala de impacto;Declarar a fórmula de severidade;Definir as faixas de criticidade,Formato da matriz alinhado com a orientadora,Seção 1.9 com escalas fórmula e faixas declaradas antes do registro de riscos;Faixas cobrindo toda a amplitude possível de severidade;MR aprovado por um revisor,DOCS,P,Sprint 01,Média,
Registrar os riscos técnicos de arquitetura integração e dados,"O artefato exige no mínimo três riscos de natureza técnica, decorrentes de decisões de arquitetura, integrações, dependências ou da disponibilidade e qualidade dos dados do parceiro.",Antecipar as ameaças técnicas que podem travar o desenvolvimento.,Critérios e escala da matriz de risco definidos,Identificar riscos de arquitetura e integração;Identificar riscos de disponibilidade e qualidade dos dados do parceiro;Avaliar probabilidade e impacto de cada um;Calcular a severidade pela regra definida,Escalas e faixas de criticidade aprovadas em MR,No mínimo três riscos técnicos registrados na seção 1.9;Probabilidade impacto e severidade preenchidos em todas as linhas;MR aprovado por um revisor,RESEARCH,M,Sprint 01,Alta,
Registrar os riscos de equipe comunicação escopo e cronograma,Registro dos riscos não técnicos do projeto cobrindo as categorias de equipe comunicação stakeholders escopo e cronograma exigidas pelo artefato.,Cobrir as categorias de risco que dependem de pessoas e de processo.,Critérios e escala da matriz de risco definidos,Identificar riscos por categoria;Avaliar probabilidade e impacto;Calcular a severidade;Registrar na tabela da seção 1.9,Escalas e faixas de criticidade aprovadas em MR,Riscos registrados cobrindo equipe comunicação stakeholders escopo e cronograma;Total de itens da matriz igual ou maior que oito somando com os técnicos;MR aprovado por um revisor,RESEARCH,M,Sprint 01,Média,
Registrar as oportunidades e suas estratégias de aproveitamento,"A matriz precisa conter no mínimo dois riscos positivos, cada um com a estratégia de aproveitamento que o time adotará caso a oportunidade se concretize.",Tratar oportunidades com o mesmo rigor aplicado às ameaças.,Critérios e escala da matriz de risco definidos,Identificar as oportunidades do projeto;Avaliar probabilidade e impacto de cada uma;Escrever a estratégia de aproveitamento,Escalas e faixas de criticidade aprovadas em MR,No mínimo duas oportunidades registradas na seção 1.9;Estratégia de aproveitamento preenchida em cada uma;MR aprovado por um revisor,RESEARCH,P,Sprint 01,Média,
Definir ações de mitigação e contingência para cada risco,Cada risco negativo da matriz precisa de uma ação preventiva que reduz probabilidade ou impacto antes da ocorrência e de uma ação de resposta caso o risco se materialize.,Deixar claro o que o time faz antes e depois de cada risco acontecer.,Riscos técnicos registrados na seção 1.9;Riscos de equipe e cronograma registrados na seção 1.9,Escrever a ação de mitigação de cada risco negativo;Escrever a ação de contingência de cada risco negativo;Atribuir responsável nominal por item;Definir o status inicial de cada item,Todos os riscos negativos registrados e aprovados em MR,Mitigação e contingência distintas preenchidas em todo risco negativo;Responsável nominal e status preenchidos em todos os itens da matriz;MR aprovado por um revisor,DOCS,M,Sprint 01,Alta,
Representar a matriz probabilidade-impacto e analisar os três riscos mais críticos,Representação visual da matriz probabilidade por impacto acompanhada da análise dos três itens de maior severidade justificando a priorização.,Tornar visível onde estão concentrados os riscos do projeto.,Ações de mitigação e contingência definidas para todos os riscos,Montar a representação visual da matriz;Ordenar os itens por severidade;Escrever a análise dos três mais críticos;Justificar a priorização,Matriz de risco completa e aprovada em MR,Representação visual publicada na seção 1.9;Análise dos três itens de maior severidade escrita;Justificativa citando a severidade calculada;MR aprovado por um revisor,DOCS,M,Sprint 01,Média,
Registrar as decisões relevantes tomadas pelo grupo,"Registro das decisões mais importantes da construção da visão inicial, com data, alternativas consideradas e justificativa de cada escolha.",Preservar o porquê das escolhas para consulta nas próximas sprints.,Canvas do MVP consolidado na seção 1.8,Levantar as decisões tomadas na sprint;Registrar data e alternativas de cada uma;Escrever a justificativa da escolha,Seções de entendimento de negócio concluídas,Tabela da seção 3 com no mínimo quatro decisões registradas;Alternativas consideradas e justificativa preenchidas em toda linha;MR aprovado por um revisor,DOCS,P,Sprint 01,Baixa,
Descrever o contexto da aplicação computacional de PLN,Texto que explica como o negócio do parceiro será modificado pelo uso de processamento de linguagem natural conectando os business drivers ao entendimento de negócio já documentado.,Ligar a proposta técnica ao problema de negócio levantado.,Descrição do problema concluída na seção 1.1;Escopo do produto delimitado na seção 1.3,Retomar o problema e o escopo já documentados;Explicar o papel do PLN na solução;Descrever a transformação esperada no negócio,Entendimento de negócio aprovado em MR;Conceitos de PLN estudados pelo grupo,Seção 2.1 com o contexto da aplicação redigido;Texto coerente com as seções 1.1 e 1.3;MR aprovado por um revisor,DOCS,M,Sprint 01,Média,
Especificar o fluxo de negócio 1 em AS-IS e TO-BE,Primeiro dos dois fluxos de negócio que o projeto automatiza ou melhora descrito na situação atual e na situação proposta com a solução de PLN.,Evidenciar o ganho concreto do primeiro fluxo automatizado.,Contexto da aplicação descrito na seção 2.1;Cadeia de valor modelada na seção 1.6,Descrever a situação atual do fluxo;Descrever a situação proposta com PLN;Destacar a diferença entre os dois cenários,Contexto da aplicação aprovado em MR,Seção 2.1 com AS-IS e TO-BE do fluxo 1;Diferença entre os cenários explicitada;MR aprovado por um revisor,RESEARCH,M,Sprint 01,Alta,
Especificar o fluxo de negócio 2 em AS-IS e TO-BE,Segundo fluxo de negócio exigido pelo artefato descrito na situação atual e na proposta com a solução de PLN e distinto do primeiro fluxo.,Cobrir o mínimo de dois fluxos exigido pela especificação.,Contexto da aplicação descrito na seção 2.1;Cadeia de valor modelada na seção 1.6,Descrever a situação atual do fluxo;Descrever a situação proposta com PLN;Conferir que não há sobreposição com o fluxo 1,Fluxo de negócio 1 aprovado em MR,Seção 2.1 com AS-IS e TO-BE do fluxo 2;Fluxo distinto do primeiro sem sobreposição;MR aprovado por um revisor,RESEARCH,M,Sprint 01,Alta,
Definir os indicadores computacionais de PLN dos dois fluxos,"Definição dos indicadores que medem o desempenho computacional da solução, como acerto de intenção, precisão da classificação por tags e taxa de erro na conversão entre áudio e texto.",Tornar mensurável a qualidade da solução de PLN proposta.,Fluxo de negócio 1 especificado na seção 2.1;Fluxo de negócio 2 especificado na seção 2.1,Escolher os indicadores pertinentes a cada fluxo;Definir como cada indicador é calculado;Registrar o valor-alvo inicial de cada um,Os dois fluxos de negócio aprovados em MR;Pesquisa sobre métricas de PLN concluída,Indicadores registrados para os dois fluxos na seção 2.1;Cada indicador com forma de cálculo e valor-alvo;MR aprovado por um revisor,RESEARCH,M,Sprint 01,Alta,
Escrever as histórias de usuário do fluxo de negócio 1,Requisitos funcionais do primeiro fluxo escritos no formato de história de usuário ligando cada história a uma persona já caracterizada no entendimento de negócio.,Traduzir o primeiro fluxo em requisitos funcionais rastreáveis.,Fluxo de negócio 1 especificado na seção 2.1;Personas caracterizadas na seção 1.5,Identificar os requisitos funcionais do fluxo;Escrever cada história no formato como quero para;Associar cada história a uma persona;Numerar as histórias como RF,Fluxo 1 e personas aprovados em MR,Histórias do fluxo 1 registradas e numeradas na seção 2.2;Toda história associada a uma persona da seção 1.5;MR aprovado por um revisor,DOCS,M,Sprint 01,Alta,
Escrever as histórias de usuário do fluxo de negócio 2,Requisitos funcionais do segundo fluxo escritos no mesmo formato de história de usuário e com numeração contínua em relação às histórias do primeiro fluxo.,Traduzir o segundo fluxo em requisitos funcionais rastreáveis.,Fluxo de negócio 2 especificado na seção 2.1;Histórias de usuário do fluxo 1 escritas,Identificar os requisitos funcionais do fluxo;Escrever cada história no formato como quero para;Associar cada história a uma persona;Continuar a numeração dos RF,Histórias do fluxo 1 aprovadas em MR,Histórias do fluxo 2 registradas na seção 2.2;Numeração contínua sem repetir identificador de RF;MR aprovado por um revisor,DOCS,M,Sprint 01,Média,
Definir critérios de aceitação testáveis para cada requisito funcional,"Cada história de usuário precisa de critérios de aceitação verificáveis, escritos de forma que seja possível dizer objetivamente se foram atendidos.",Permitir que o atendimento de cada requisito seja verificado sem subjetividade.,Histórias de usuário do fluxo 1 escritas;Histórias de usuário do fluxo 2 escritas,Escrever os critérios de aceitação de cada RF;Revisar se cada critério é verificável;Registrar prioridade e persona por RF,Todas as histórias de usuário aprovadas em MR,Todo RF da seção 2.2 com no mínimo dois critérios de aceitação;Nenhum critério redigido de forma subjetiva;MR aprovado por um revisor,DOCS,M,Sprint 01,Alta,
Modelar o diagrama de classes do domínio em Mermaid,"Modelagem estática do domínio com as classes, atributos e relacionamentos derivados das histórias de usuário, escrita em Mermaid para ficar versionada e revisável no merge request.",Representar o domínio da solução de forma coerente com os requisitos.,Histórias de usuário do fluxo 1 escritas;Histórias de usuário do fluxo 2 escritas,Extrair as entidades das histórias de usuário;Definir atributos e tipos de cada classe;Definir a cardinalidade dos relacionamentos;Escrever o bloco Mermaid na seção 2.2,Histórias de usuário aprovadas em MR;Sintaxe classDiagram do Mermaid consultada,Bloco Mermaid renderizando no GitLab na seção 2.2;Toda entidade citada nas histórias presente no diagrama;MR aprovado por um revisor,DOCS,M,Sprint 01,Alta,
Descrever as responsabilidades e os relacionamentos das classes,Tabela que complementa o diagrama de classes explicando a responsabilidade de cada classe do domínio e com quais outras classes ela se relaciona.,Explicar o diagrama de classes para quem não vai lê-lo em detalhe.,Diagrama de classes do domínio modelado na seção 2.2,Descrever a responsabilidade de cada classe;Descrever os relacionamentos de cada classe;Montar a tabela na seção 2.2,Diagrama de classes aprovado em MR,Tabela com uma linha por classe do diagrama;Nenhuma classe do Mermaid ausente da tabela;MR aprovado por um revisor,DOCS,P,Sprint 01,Média,
Detalhar o cenário 1 e seu diagrama de sequência,Modelagem dinâmica de um cenário de uso relacionado a um requisito funcional com o passo a passo textual e o diagrama de sequência correspondente em Mermaid.,Mostrar como os componentes interagem para atender um requisito.,Diagrama de classes do domínio modelado na seção 2.2;Critérios de aceitação definidos para os RF,Escolher o RF que o cenário representa;Descrever o fluxo passo a passo;Escrever o bloco Mermaid de sequência;Conferir o uso das classes do domínio,Diagrama de classes aprovado em MR;Sintaxe sequenceDiagram consultada,Cenário 1 descrito e diagrama Mermaid renderizando na seção 2.2;Cenário referenciando explicitamente o RF correspondente;Participantes coerentes com as classes do domínio;MR aprovado por um revisor,DOCS,M,Sprint 01,Alta,
Detalhar o cenário 2 e seu diagrama de sequência,Segundo cenário de modelagem dinâmica cobrindo um requisito funcional diferente do cenário 1 e mantendo coerência com as classes do domínio.,Ampliar a cobertura da modelagem dinâmica para um segundo requisito.,Cenário 1 detalhado na seção 2.2,Escolher um RF distinto do cenário 1;Descrever o fluxo passo a passo;Escrever o bloco Mermaid de sequência;Revisar a coerência com o diagrama de classes,Cenário 1 aprovado em MR,Cenário 2 descrito e diagrama Mermaid renderizando na seção 2.2;RF do cenário 2 diferente do cenário 1;MR aprovado por um revisor,DOCS,M,Sprint 01,Média,
Especificar o RNF01 com métrica e critério de aceitação,"Primeiro requisito não funcional derivado dos business drivers, escrito como história de usuário e acompanhado da métrica de verificação e do valor-alvo.",Fixar uma qualidade de sistema mensurável para a solução.,Indicadores computacionais definidos na seção 2.1,Escolher a categoria do RNF;Escrever a história de usuário;Definir a métrica de verificação;Definir o critério de aceitação,Indicadores computacionais aprovados em MR,RNF01 registrado na seção 2.3 com business driver relacionado;Métrica de verificação e valor-alvo preenchidos;MR aprovado por um revisor,DOCS,P,Sprint 01,Alta,
Especificar o RNF02 com métrica e critério de aceitação,Segundo requisito não funcional exigido pelo artefato em categoria distinta do RNF01 e igualmente derivado dos business drivers.,Cobrir o mínimo de dois requisitos não funcionais da especificação.,RNF01 especificado na seção 2.3,Escolher uma categoria distinta do RNF01;Escrever a história de usuário;Definir a métrica de verificação;Definir o critério de aceitação,RNF01 aprovado em MR,RNF02 registrado na seção 2.3 em categoria distinta do RNF01;Métrica de verificação e valor-alvo preenchidos;MR aprovado por um revisor,DOCS,P,Sprint 01,Média,
Esboçar os blocos e as camadas da solução técnica,"Esboço preliminar da arquitetura como blocos conectados cobrindo interface humano-computador, lógica de negócio e acesso a dados e serviços, feito antes do diagrama UML formal.",Acordar a arquitetura em rascunho antes de formalizar o diagrama.,Histórias de usuário do fluxo 1 escritas;Diagrama de classes do domínio modelado na seção 2.2,Listar os componentes de cada uma das três camadas;Desenhar o rascunho dos blocos e conexões;Discutir o esboço com o grupo,Requisitos funcionais aprovados em MR;Discussão técnica realizada com o grupo,Esboço das três camadas registrado na issue;Componentes de cada camada listados;Esboço validado por no mínimo dois integrantes em comentário na issue,RESEARCH,M,Sprint 01,Alta,
Desenhar o diagrama UML de componentes,"Diagrama UML de componentes exigido obrigatoriamente pelo artefato, representando os blocos da solução e suas interfaces nas três camadas.",Cumprir a exigência de notação UML para a visão técnica da solução.,Blocos e camadas da solução esboçados,Modelar o diagrama na ferramenta escolhida;Revisar o uso da notação UML de componentes;Exportar como PNG para docs/assets;Referenciar a imagem na seção 2.4,Esboço das camadas validado pelo grupo;Ferramenta de modelagem UML definida,Diagrama UML de componentes versionado em docs/assets e renderizando no GitLab;Notação UML revisada por outro integrante no MR;MR aprovado por um revisor,DOCS,M,Sprint 01,Alta,
Descrever as camadas responsabilidades e conexões entre componentes,Tabela das três camadas com seus componentes e responsabilidades acompanhada da lista de conexões entre componentes indicando protocolo e motivo de cada ligação.,Explicar o diagrama de componentes em texto verificável.,Diagrama UML de componentes publicado em docs/assets,Preencher a tabela de camadas e responsabilidades;Listar as conexões entre componentes;Indicar o protocolo de cada conexão,Diagrama de componentes aprovado em MR,Tabela de camadas preenchida na seção 2.4;Toda conexão do diagrama descrita com protocolo e motivo;MR aprovado por um revisor,DOCS,M,Sprint 01,Média,
Levantar as tecnologias e ferramentas com justificativa,"Estimativa inicial das tecnologias que o grupo pretende usar cobrindo linguagem, framework, frontend, PLN, banco de dados, infraestrutura e versionamento, cada uma com justificativa.",Registrar e justificar as escolhas técnicas que orientam o desenvolvimento.,Diagrama UML de componentes publicado em docs/assets,Levantar as opções por categoria;Comparar alternativas viáveis;Escolher e justificar cada tecnologia;Preencher a tabela da seção 2.5,Diagrama de componentes aprovado em MR;Discussão técnica sobre stack realizada,Tabela da seção 2.5 com todas as categorias preenchidas;Justificativa presente em cada linha;Escolhas coerentes com o diagrama de componentes;MR aprovado por um revisor,RESEARCH,M,Sprint 01,Alta,
Levantar os pontos fortes e fracos da Sprint 1,"Análise retrospectiva da sprint identificando o que funcionou e o que atrapalhou, com os fatores que explicam cada ponto e não apenas a lista de sintomas.",Basear as melhorias da próxima sprint em evidência e não em impressão.,Cerimônia de retrospectiva realizada,Coletar as percepções de todos os integrantes;Agrupar os pontos por tema;Registrar o fator que explica cada ponto,Retrospectiva da sprint realizada com o time completo,Pontos fortes e fracos registrados no docs/GestaoProjeto.md;Cada ponto acompanhado do fator que o explica;Todos os integrantes contemplados na coleta;MR aprovado por um revisor,RESEARCH,M,Sprint 01,Alta,
Definir ações de melhoria verificáveis para a Sprint 2,"Cada ponto fraco da retrospectiva precisa gerar uma ação de melhoria objetiva e verificável, com responsável, e não uma intenção genérica.",Transformar a retrospectiva em compromissos checáveis na próxima sprint.,Pontos fortes e fracos da Sprint 1 levantados,Definir uma ação por ponto fraco relevante;Escrever cada ação de forma verificável;Atribuir responsável e prazo,Pontos fortes e fracos aprovados em MR,Ações de melhoria registradas no docs/GestaoProjeto.md;Toda ação com responsável e forma de verificação;Nenhuma ação redigida de forma genérica;MR aprovado por um revisor,DOCS,M,Sprint 01,Alta,
Revisar os riscos identificados à luz da Sprint 1,Revisão da matriz de risco confrontando o que foi previsto no planejamento com o que efetivamente aconteceu durante a sprint e atualizando o status de cada item.,Manter a matriz de risco viva em vez de congelada no planejamento.,Matriz de risco completa na seção 1.9;Pontos fortes e fracos da Sprint 1 levantados,Reavaliar probabilidade e impacto de cada risco;Atualizar o status de cada item;Registrar riscos novos surgidos na sprint,Matriz de risco aprovada em MR;Retrospectiva realizada,Status atualizado em todos os itens da matriz;Riscos surgidos durante a sprint incorporados;Revisão registrada no docs/GestaoProjeto.md;MR aprovado por um revisor,RESEARCH,M,Sprint 01,Média,
Criar o mecanismo de acompanhamento de riscos do módulo,"Definição de como a matriz de risco será revisitada ao longo das cinco sprints, com periodicidade, responsável e onde o registro da revisão fica.",Evitar que a matriz de risco só seja lembrada na entrega final.,Riscos revisados à luz da Sprint 1,Definir a periodicidade da revisão;Definir o responsável pelo acompanhamento;Definir onde a revisão fica registrada;Documentar o mecanismo,Revisão de riscos da Sprint 1 aprovada em MR,Mecanismo de acompanhamento documentado no docs/GestaoProjeto.md;Periodicidade responsável e local de registro definidos;MR aprovado por um revisor,DOCS,M,Sprint 01,Média,
Alinhar a análise da sprint aos critérios do Escritório de Projetos,Conferência da análise retrospectiva contra os critérios do Escritório de Projetos para garantir que a entrega atende ao que é avaliado.,Reduzir o risco de perder pontos por critério não endereçado.,Ações de melhoria definidas para a Sprint 2,Levantar os critérios do Escritório de Projetos;Conferir a análise contra cada critério;Ajustar os pontos não atendidos,Análise da sprint e ações de melhoria aprovadas em MR;Critérios do Escritório de Projetos disponíveis,Conferência registrada no docs/GestaoProjeto.md;Todo critério não atendido corrigido ou justificado;MR aprovado por um revisor,DOCS,P,Sprint 01,Média,
Montar a Matriz de Papéis e Responsabilidades da sprint,"Matriz com o nome de cada integrante, o papel assumido na sprint e a descrição das responsabilidades e entregas sob sua tutela, garantindo distribuição equilibrada.",Deixar explícito quem responde por cada entrega da sprint.,Nenhuma,Definir os papéis necessários na sprint;Atribuir um papel principal a cada integrante;Descrever as responsabilidades e entregas de cada papel;Conferir o equilíbrio da distribuição,Papéis discutidos e acordados com o time completo,Matriz com os sete integrantes no docs/GestaoProjeto.md;Papel e responsabilidades preenchidos para cada um;Nenhum integrante concentrando papéis em excesso;MR aprovado por um revisor,DOCS,M,Sprint 01,Alta,
Definir a Regra de Ouro do time,Regra número um do grupo para manter a segurança psicológica durante todo o módulo escrita de forma objetiva e aplicável no dia a dia.,Estabelecer o princípio que rege a convivência do time.,Nenhuma,Discutir a regra em reunião com o time;Redigir a regra em uma frase;Validar a redação com todos os integrantes,Discussão sobre contrato de convivência realizada com o time completo,Regra de Ouro registrada no docs/GestaoProjeto.md;Regra validada por todos os sete integrantes;MR aprovado por um revisor,DOCS,P,Sprint 01,Alta,
Definir o processo de resolução de impasses técnicos,"Procedimento que o time segue quando há discordância técnica, incluindo o critério de decisão e o caminho de escalonamento em caso de empate.",Impedir que discordância técnica trave o andamento da sprint.,Regra de Ouro definida,Definir o critério de decisão;Definir o caminho em caso de empate;Documentar o processo,Regra de Ouro aprovada em MR,Processo de resolução de impasses documentado no docs/GestaoProjeto.md;Critério de decisão e regra de desempate explícitos;MR aprovado por um revisor,DOCS,P,Sprint 01,Média,
Definir o protocolo de gestão de conflitos em três passos,"Escada de escalonamento para lidar com atraso ou falta de engajamento de um integrante, indo do feedback direto até o alinhamento com a orientadora.",Tratar problemas de engajamento com processo acordado e não improviso.,Regra de Ouro definida,Definir o primeiro passo de feedback direto;Definir o segundo passo formal na retrospectiva;Definir o terceiro passo de escalonamento;Documentar o protocolo,Regra de Ouro aprovada em MR;Time de acordo com a escada de escalonamento,Protocolo em três passos documentado no docs/GestaoProjeto.md;Cada passo com gatilho e responsável definidos;MR aprovado por um revisor,DOCS,P,Sprint 01,Média,
Definir a rotina de atualização do quadro Kanban,"Acordo sobre quando as tasks são criadas e com que frequência os cards são movidos, garantindo a visibilidade que o dashboard do módulo avalia.",Manter o quadro fiel ao andamento real do trabalho.,Regra de Ouro definida,Definir o momento de criação das tasks na sprint;Definir o dia e horário de atualização obrigatória;Definir o limite de dias que um card pode ficar parado;Documentar a rotina,Regra de Ouro aprovada em MR,Rotina de atualização documentada no docs/GestaoProjeto.md;Dia e horário de atualização obrigatória definidos;Limite de card parado definido;MR aprovado por um revisor,DOCS,P,Sprint 01,Alta,
Definir os rituais de comunicação do time,"Definição do canal oficial onde as decisões do projeto ficam registradas e do formato e duração das dailies de sincronização, presencial ou assíncrona.",Garantir que decisões e sincronizações tenham lugar definido.,Regra de Ouro definida,Escolher o canal oficial de comunicação;Definir onde as decisões ficam registradas;Definir o formato e a duração das dailies;Documentar os rituais,Regra de Ouro aprovada em MR;Canal de comunicação acordado com o time,Canal oficial e formato das dailies documentados no docs/GestaoProjeto.md;Duração máxima da daily explícita;MR aprovado por um revisor,DOCS,P,Sprint 01,Média,
Consolidar o Contrato de Convivência e o SLA do time,"Reunião de todos os acordos de convivência em uma seção única e coerente, com o SLA de resposta do time, para valer por todo o módulo.",Entregar o contrato de convivência como documento único e assinado pelo time.,Regra de Ouro definida;Processo de resolução de impasses definido;Protocolo de gestão de conflitos definido;Rotina do Kanban definida;Rituais de comunicação definidos,Reunir os acordos em uma seção única;Definir o SLA de resposta do time;Revisar a coerência entre os itens;Colher o aceite de todos os integrantes,Todos os acordos individuais aprovados em MR,Contrato de Convivência consolidado no docs/GestaoProjeto.md;SLA de resposta definido;Aceite dos sete integrantes registrado;MR aprovado por um revisor,DOCS,M,Sprint 01,Alta,
Documentar as políticas de daily GitLab e commits,"Formalização dos processos de trabalho da equipe para dailies, uso do GitLab e padrão de commits, em coerência com o Contrato de Convivência.",Tornar as práticas de trabalho consultáveis por qualquer integrante.,Contrato de Convivência consolidado,Documentar a política de dailies;Documentar a política de uso do GitLab;Documentar o padrão de commits com referência à issue;Conferir coerência com o Contrato de Convivência,Contrato de Convivência aprovado em MR,Políticas documentadas no docs/GestaoProjeto.md;Formato de commit com tipo escopo e referência à issue explicitado;Nenhuma contradição com o Contrato de Convivência;MR aprovado por um revisor,DOCS,M,Sprint 01,Alta,
Detalhar as tasks da Sprint 2 com descrição e tipo,"Levantamento das tasks da próxima sprint com descrição e tipo de cada uma, servindo de base para a estimativa e o sequenciamento.",Montar o inventário de trabalho da próxima sprint.,Ações de melhoria definidas para a Sprint 2;Tecnologias e ferramentas levantadas na seção 2.5,Levantar as entregas previstas para a Sprint 2;Escrever a descrição de cada task;Classificar o tipo de cada task,Escopo da Sprint 2 alinhado com a orientadora;Especificação de requisitos concluída,Lista de tasks da Sprint 2 registrada no docs/GestaoProjeto.md;Descrição e tipo preenchidos em toda task;MR aprovado por um revisor,DOCS,M,Sprint 01,Alta,
Definir DoR e DoD de cada task da Sprint 2,"Cada task planejada precisa de pré-condições de início e de critérios de conclusão específicos, escritos de forma verificável.",Deixar cada task da próxima sprint pronta para ser iniciada e fechada sem discussão.,Tasks da Sprint 2 detalhadas com descrição e tipo,Escrever o DoR de cada task;Escrever o DoD de cada task;Revisar se os critérios são verificáveis,Lista de tasks da Sprint 2 aprovada em MR,DoR e DoD preenchidos em toda task da Sprint 2;Nenhum critério genérico do tipo código pronto;MR aprovado por um revisor,DOCS,M,Sprint 01,Alta,
Estimar as tasks da Sprint 2 com t-shirt sizing,Estimativa de cada task da próxima sprint na escala PP P M e G conforme as faixas de tempo definidas pelo módulo.,Dimensionar a capacidade da próxima sprint antes de assumir compromisso.,Tasks da Sprint 2 detalhadas com descrição e tipo,Estimar cada task na escala de t-shirt;Somar o esforço total por integrante;Quebrar as tasks estimadas como G,Lista de tasks da Sprint 2 aprovada em MR;Faixas de tempo de cada tamanho acordadas,Toda task da Sprint 2 com tamanho atribuído;Nenhuma task G sem justificativa de não ter sido quebrada;Esforço total por integrante calculado;MR aprovado por um revisor,DOCS,M,Sprint 01,Média,
Priorizar e sequenciar as tasks da Sprint 2,Ordenação das tasks da próxima sprint respeitando as dependências entre elas para que nada seja iniciado antes do que o habilita.,Garantir que a Sprint 2 comece pela ordem correta de execução.,Tasks da Sprint 2 estimadas com t-shirt sizing;DoR e DoD das tasks da Sprint 2 definidos,Mapear as dependências entre as tasks;Ordenar as tasks por prioridade;Conferir se a ordem respeita as dependências,Estimativas da Sprint 2 aprovadas em MR,Tasks da Sprint 2 priorizadas e sequenciadas no docs/GestaoProjeto.md;Nenhuma task antes de sua dependência na ordem;MR aprovado por um revisor,DOCS,M,Sprint 01,Média,
Publicar as tasks da Sprint 2 no quadro Kanban do GitLab,"Criação das issues da próxima sprint no GitLab com labels, milestone, responsável, DoR e DoD, todas nascendo na coluna open do quadro.",Deixar a Sprint 2 pronta para começar sem trabalho de configuração.,Tasks da Sprint 2 priorizadas e sequenciadas,Criar a milestone Sprint 02;Criar as issues com descrição DoR e DoD;Aplicar labels de camada tamanho tipo e prioridade;Atribuir responsável a cada issue,Planejamento da Sprint 2 aprovado em MR;Catálogo de labels criado no projeto,Issues da Sprint 2 criadas na milestone Sprint 02;Toda issue com labels responsável DoR e DoD;Todas as issues na coluna open do quadro,DEVOPS,M,Sprint 01,Alta,
Criar o documento GestaoConfiguracao.md na pasta docs,"O artefato exige um arquivo separado para a gestão de configuração, mas o conteúdo de gitflow hoje está dentro do GestaoProjeto.md e duplicado no GuiaPadroesDesenvolvimento.md.",Separar a gestão de configuração em arquivo próprio como o artefato exige.,Nenhuma,Criar o arquivo docs/GestaoConfiguracao.md;Mover o conteúdo de gitflow que hoje está no GestaoProjeto.md;Remover a duplicação no GuiaPadroesDesenvolvimento.md;Ajustar os links do docs/Index.md,Escopo da separação acordado com o time,Arquivo docs/GestaoConfiguracao.md criado com sumário;Conteúdo de gitflow removido do GestaoProjeto.md sem perda de texto;Links do Index.md apontando para o arquivo novo;MR aprovado por um revisor,DOCS,PP,Sprint 01,Alta,
Definir o fluxo gitflow e o papel de cada branch permanente,"Definição do fluxo adotado pelo time com as branches permanentes main hmg e dev, incluindo o ambiente de cada uma e a ordem de promoção do código entre elas.",Fixar o caminho que todo código percorre até a produção.,Documento GestaoConfiguracao.md criado,Descrever o papel e o ambiente de main hmg e dev;Documentar a ordem de promoção entre as branches;Explicar como as branches de apoio se encaixam;Registrar a decisão de renomear develop para dev,Documento GestaoConfiguracao.md criado e aprovado em MR;Modelo de branches decidido pelo time,Fluxo de feature até main documentado no docs/GestaoConfiguracao.md;Papel e ambiente das três branches permanentes descritos;MR aprovado por um revisor,DOCS,M,Sprint 01,Alta,
Documentar os procedimentos de criar mesclar e excluir branches,"Passo a passo operacional de cada operação de branch, incluindo os comandos usados e quem tem autorização para executar cada uma.",Padronizar as operações de branch entre os sete integrantes.,Fluxo gitflow definido no GestaoConfiguracao.md,Documentar o procedimento de criação de branch;Documentar o procedimento de merge via merge request;Documentar o procedimento de exclusão após o merge;Registrar quem autoriza cada operação,Fluxo gitflow aprovado em MR,Os três procedimentos documentados no docs/GestaoConfiguracao.md;Comandos git incluídos em cada procedimento;Responsável por autorizar cada operação definido;MR aprovado por um revisor,DOCS,M,Sprint 01,Média,
Definir a convenção de nomenclatura de branches,"Convenção de nomes das branches de apoio com os prefixos aceitos e o padrão kebab-case, alinhada ao que o dashboard do módulo verifica.",Evitar branches com nome ad-hoc que reprovam na avaliação automática.,Fluxo gitflow definido no GestaoConfiguracao.md,Listar os prefixos aceitos;Definir o padrão de escrita do descritor;Escrever exemplos válidos e inválidos,Fluxo gitflow aprovado em MR,Convenção documentada no docs/GestaoConfiguracao.md;Prefixos aceitos listados incluindo release e hotfix;Exemplos válidos e inválidos apresentados;MR aprovado por um revisor,DOCS,P,Sprint 01,Alta,
Registrar exemplos práticos das políticas no contexto do projeto,"O artefato exige exemplos que ilustrem a aplicação das políticas de branch no projeto real, e não apenas a regra abstrata.",Mostrar a política aplicada a situações concretas do projeto.,Procedimentos de branch documentados;Convenção de nomenclatura definida,Escrever o exemplo de uma feature do início ao merge;Escrever o exemplo de um hotfix a partir da main;Escrever o exemplo de promoção de dev para hmg,Procedimentos e convenção aprovados em MR,No mínimo três exemplos práticos no docs/GestaoConfiguracao.md;Cada exemplo usando nomes reais de branch do projeto;MR aprovado por um revisor,DOCS,M,Sprint 01,Média,
Renomear a branch develop para dev,"O repositório usa develop, mas a avaliação automática do módulo verifica a existência da branch dev, o que hoje reprova o projeto no critério de branches.",Alinhar o nome da branch de integração ao que a avaliação verifica.,Fluxo gitflow definido no GestaoConfiguracao.md,Criar a branch dev a partir de develop;Atualizar a branch padrão do projeto no GitLab;Redirecionar os merge requests abertos;Comunicar a mudança ao time,Fluxo gitflow aprovado em MR;Time avisado da renomeação na daily,Branch dev existente e definida como padrão no GitLab;Nenhum merge request apontando para develop;Mudança comunicada a todos os integrantes,DEVOPS,P,Sprint 01,Alta,
Criar a branch hmg de homologação,A branch de homologação exigida pelo fluxo do módulo ainda não existe no repositório e sem ela não há como promover código de dev para main na ordem correta.,Completar as três branches permanentes exigidas pelo fluxo.,Branch develop renomeada para dev,Criar a branch hmg a partir de dev;Configurar hmg como branch de homologação;Documentar o ambiente associado,Branch dev existente e definida como padrão,Branch hmg criada no repositório;Ambiente de homologação registrado no docs/GestaoConfiguracao.md,DEVOPS,PP,Sprint 01,Alta,
Proteger as branches main hmg e dev contra push direto,"As regras do módulo proíbem push direto nas branches permanentes, exigindo que toda contribuição passe por merge request aprovado.",Impedir que código entre nas branches permanentes sem revisão.,Branch hmg criada,Configurar a proteção da main no GitLab;Configurar a proteção de hmg e dev;Exigir aprovação de merge request antes do merge;Testar que o push direto é recusado,Branches main hmg e dev existentes no repositório,As três branches permanentes protegidas no GitLab;Push direto recusado em teste;Configuração registrada no docs/GestaoConfiguracao.md,DEVOPS,P,Sprint 01,Alta,
Corrigir o cabeçalho de parceiro incorreto nos documentos,"O docs/GestaoProjeto.md abre com o logo do BTG Pactual, resíduo do template, enquanto o parceiro do projeto é o Metrô de São Paulo.",Evitar que a entrega apresente o parceiro errado logo no cabeçalho.,Nenhuma,Substituir o logo do cabeçalho pelo do parceiro correto;Conferir os demais documentos da pasta docs;Preencher nome do projeto e nome do grupo no cabeçalho,Logo oficial do parceiro disponível em assets,Cabeçalho do docs/GestaoProjeto.md com o parceiro correto;Nenhum documento da pasta docs citando parceiro errado;MR aprovado por um revisor,DOCS,PP,Sprint 01,Baixa,
