texto,intencao
Qual é o status atual do projeto da Linha 6?,consulta
Me mostra os marcos concluídos do empreendimento da Estação Vila Sônia.,consulta
Quantos documentos estão anexados ao projeto de modernização da Linha 1?,consulta
Qual o percentual de avanço físico da obra do pátio?,consulta
Quem é o líder do projeto de expansão da Linha 2?,consulta
Onde está o relatório de status de setembro?,consulta
Qual a data prevista de conclusão do trecho norte?,consulta
Lista os riscos registrados no projeto da Linha 15.,consulta
O contrato 4521 já foi assinado?,consulta
Qual o orçamento aprovado para o empreendimento?,consulta
Me traz o histórico de alterações do marco de entrega.,consulta
Quais projetos estão sob responsabilidade da diretoria de engenharia?,consulta
Qual foi o último documento publicado no projeto?,consulta
Compare o avanço da Linha 6 com o da Linha 15.,consulta
Quantas pendências existem no projeto de sinalização?,consulta
Qual é o cronograma do empreendimento da Estação Bela Vista?,consulta
Me mostra os indicadores do portfólio deste trimestre.,consulta
Existe algum normativo sobre gestão de riscos no PMO?,consulta
Qual o valor executado até agora no contrato de obras civis?,consulta
Quais são os marcos previstos para o próximo mês?,consulta
O que diz o normativo sobre aprovação de mudança de escopo?,consulta
Quem aprovou a última revisão do plano do projeto?,consulta
Qual a situação do licenciamento ambiental do trecho sul?,consulta
Me dá um resumo do projeto da Linha 17.,consulta
Quantos projetos estão em execução no portfólio?,consulta
Qual foi a variação de prazo do empreendimento no último mês?,consulta
Onde encontro a matriz de risco do projeto?,consulta
Qual o escopo contratado do lote 3?,consulta
Me mostra a lista de fornecedores do projeto de material rodante.,consulta
Qual a data do último reporte de status enviado?,consulta
Existe documento de lições aprendidas para esse empreendimento?,consulta
Qual é o indicador de desempenho de custo do projeto?,consulta
Quais entregas foram concluídas no primeiro semestre?,consulta
Me mostra o avanço planejado versus realizado da Linha 6.,consulta
Qual a estrutura analítica do projeto de expansão?,consulta
Quem são os responsáveis pelas atividades do projeto?,consulta
Qual o prazo contratual da obra da estação?,consulta
Me traz os dados de execução orçamentária do programa.,consulta
Qual foi a decisão registrada na última reunião de portfólio?,consulta
Quantas mudanças de escopo foram aprovadas neste ano?,consulta
Registra o novo marco de conclusão da fundação.,transacao
Cria um projeto novo chamado Modernização da Linha 4.,transacao
Atualiza o percentual de avanço para 62%.,transacao
Quero cadastrar um risco novo no projeto da Linha 6.,transacao
Anexa o relatório de setembro ao empreendimento.,transacao
Muda a data de entrega do marco para 15 de dezembro.,transacao
Adiciona o Rafael como responsável pelo projeto.,transacao
Preciso registrar uma pendência de documentação.,transacao
Cadastra o contrato 7788 no sistema.,transacao
Atualiza o status do projeto para em execução.,transacao
Insere a lição aprendida da fase de licenciamento.,transacao
Registra a aprovação da mudança de escopo.,transacao
Quero criar um marco novo para a entrega do sistema de sinalização.,transacao
Altera o orçamento previsto do lote 2.,transacao
Cadastra a nova versão do plano de projeto.,transacao
Registra que o documento foi entregue hoje.,transacao
Adiciona uma observação no acompanhamento do projeto.,transacao
Preciso lançar o avanço físico do mês.,transacao
Cria uma pendência para o fornecedor de trilhos.,transacao
Atualiza a matriz de risco com o risco de atraso na desapropriação.,transacao
Registra a reunião de kickoff do empreendimento.,transacao
Quero incluir um novo documento no projeto da Linha 17.,transacao
Muda o responsável do marco para a Maria Eduarda.,transacao
Cadastra o indicador de desempenho de prazo.,transacao
Registra o encerramento da fase de planejamento.,transacao
Adiciona o parecer técnico ao processo.,transacao
Atualiza a data prevista de conclusão para março de 2027.,transacao
Preciso registrar a assinatura do contrato de obras.,transacao
Cria o relatório de status de outubro.,transacao
Insere o valor executado do mês no contrato.,transacao
Quero cadastrar as entregas do próximo trimestre.,transacao
Registra a mitigação aplicada ao risco de atraso.,transacao
Altera a classificação do risco para alto.,transacao
Adiciona o cronograma revisado ao empreendimento.,transacao
Cadastra a nova pendência de licenciamento.,transacao
Registra a conclusão da entrega de projeto executivo.,transacao
Quero atualizar o escopo do programa de expansão.,transacao
Insere a ata da reunião de diretoria.,transacao
Cria uma tarefa de acompanhamento para o marco crítico.,transacao
Registra a devolução do documento para correção.,transacao
Quais prazos vencem nesta semana?,alerta
Me avisa se algum marco estiver atrasado.,alerta
Tem alguma pendência vencida no meu projeto?,alerta
Quais projetos estão com risco alto sem mitigação?,alerta
Existe documento obrigatório faltando em algum empreendimento?,alerta
Me mostra o que precisa de atenção no portfólio hoje.,alerta
Algum contrato está próximo do vencimento?,alerta
Quais campos estão incompletos nos projetos da minha diretoria?,alerta
Tem marco vencendo nos próximos sete dias?,alerta
Quais empreendimentos estão atrasados em relação ao planejado?,alerta
Me alerta sobre pendências de preenchimento antes do fechamento do mês.,alerta
Existe risco crítico sem plano de contingência?,alerta
Quais projetos não atualizaram o status no prazo?,alerta
Tem alguma entrega que não foi reportada este mês?,alerta
Me avisa quais documentos estão vencidos.,alerta
Quais responsáveis ainda não enviaram o reporte?,alerta
Algum projeto está sem líder designado?,alerta
Tem risco novo que ainda não foi avaliado?,alerta
Quais marcos críticos estão em situação de atenção?,alerta
Me mostra as inconsistências nos dados do portfólio.,alerta
Existe pendência que está parada há mais de trinta dias?,alerta
Quais projetos passaram do orçamento previsto?,alerta
Tem algum item bloqueado esperando decisão?,alerta
Me avisa quando o prazo do marco de fundação estiver próximo.,alerta
Quais empreendimentos estão sem documento de encerramento?,alerta
Existe contrato vencido sem aditivo registrado?,alerta
Quais pendências são da minha responsabilidade e estão atrasadas?,alerta
Tem projeto sem atualização há mais de sessenta dias?,alerta
Me mostra os riscos que subiram de criticidade neste mês.,alerta
Algum marco foi replanejado mais de duas vezes?,alerta
Quais projetos estão com avanço abaixo do planejado?,alerta
Tem documento aguardando aprovação há muito tempo?,alerta
Me avisa se faltar informação para o relatório de diretoria.,alerta
Quais entregas estão em risco de não cumprir o prazo?,alerta
Existe alguma obra parada sem justificativa registrada?,alerta
Tem pendência sem responsável definido?,alerta
Quais projetos não têm matriz de risco preenchida?,alerta
Me mostra o que vence antes do fechamento do trimestre.,alerta
Algum indicador está fora da faixa aceitável?,alerta
Tem marco previsto para hoje que ainda não foi concluído?,alerta
